;blub;voluptuousness;
;blubber;voluptuousness;
;blubber's;voluptuous person's;
;blubbers;voluptuous people;
;blubbers';voluptous people's;
;blubbery;voluptuous;
;bony;thin person;
;butt ugly;not traditionally beautiful;
;butterball;voluptuous person;
;butterballs;voluptuous people;
;butterface;voluptuous person;
;butterfaces;voluptuous people;
;cankle;leg;
;chipmunk cheeks;round faced;
;chubby;voluptuous person;
;corpulent;voluptuous;
;couch potato;sedentary person;
;couch potatoes;sedentary people;
;couch potatos;sedentary people;
;dirtbag;unkempt person;
;dirtbags;unkempt people;
;dowdy;not interested in fashion;
;dumpy;curvy;
;emaciated;thin;
;fat-laden;voluptuous;
;fat ass;voluptuous;
;fat ass's;voluptuous person's;
;fat asses;voluptuous people;
;fatass;voluptuous person;
;fatass';voluptious person's;
;fatasses;voluptuous people;
;fatness;voluptuousness;
;fatso;voluptuous person;
;fatsos;voluptuous people;
;fatsos';voluptuous people's;
;fattest;voluptuous;
;fattie;voluptuous person;
;fattier;more voluptuous;
;fatties;voluptuous people;
;fatties';voluptuous people's;
fatty acids#fatty foods#fatty tissue#fatty liver#fatty steak#fatty burger#fatty food#fatty fish#is fatty;fatty;voluptuous person;
;fatties;voluptuous people;
;fatties';voluptuous people's;
;flab;voluptuousness;
;flabby;voluptuous;
;flabs;curves;
;flat-chested;petite;
;flat chested;petite;
;fleshy;voluptuous;
;freak;non-conformist;
;freak's;non-conformist person's;
;freaks';non-conformist people's;
;frumpy;not very trendy;
;frumpy's;not very trendy person's;
;frumpies;not very trendy people;
;grossly obese;large person;
;hambeast;voluptuous person;
;hambeasts;voluptuous people;
;hambeasts';voluptuous people's;
;hotties;attractive people;
;hotties';attractive people's;
;hottie;attractive person;
;hussie;sexually active woman;
;hussies;sexually active women;
;hussies';sexually active women's;
;jiggly;voluptuous;
;landwhale;voluptuous person;
;landwhales;voluptuous people;
;landwhales';voluptuous people's;
;lard ass;voluptuous person;
;lard asses;voluptuous people;
;lard asses';voluptous people's;
;lardy;voluptuous;
;manlet;man;
;manlets;men;
;manlets';men's;
;mcfat;voluptuous;
;mcfats;voluptuous people;
;moobs;chest;
;manboob;chest;
;manboobs;chest;
;paunchy;stocky;
;pleasantly plump;curvy;
;plump;curvy;
;plumpness;curves;
;protruding bellies;midriff;
;protruding belly;midriff;
;pudgy;curvy;
;scrawny;thin person;
;skeletal;thin person;
;skinnier;thinner;
;skinnies;thin people;
;skinniness;thinness;
skinny jeans#skinny pants#skinny trousers#skinny shorts#skinny skirt#skinny dress#skinny attire#skinny latte#skinny cap#skinny cappucino;skinny;thin person;
;skinnie;thin person;
;stick-thin;thin person;
;super-skinny;thin;
;thunder thigh;curvy thigh;
;tubby;curvy;
;uglies;not traditionally beautiful;
;ugly;not traditionally beautiful;
;waddle;walk;
;waddling;walking;
;waddler;voluptuous person;
;waddlers;voluptuous people;
;waddlers';voluptious people's;
;wussy;reserved person;
;wusses;reserved people;
;wusses';reserved people's;
;wussies;reserved people;
;wussies';reserved people's;
;horse faced;long faced;
;horseface;with a long face;
;horse face;long face;
;four-eyes;person with glasses;
;gross;unpleasant;
;hideous;;
trashy novel#trashy novels#trashy movie#trashy movies#trashy reality#trashy mags#trashy mag#trashy magazine#trashy magazines#trashy tv#trashy TV#trashy program#trashy programme#trashy joke#trashy gossip#trashy romance#trashy book#trashy clutter#trashy merhcandise#trashy talk;trashy;flashy;
;trashie;flashy;
;fat bitch;curvy;
;fat cow;curvy;
;fat pig;heavyset;
;fat fuck;heavyset;
;fat lard;heavyset;
;abbo;Aboriginal person;
;abbo's;Aboriginal person's;
;abbos;Aboriginal people;
;abbos';Aboriginal people's;
;abo;Aboriginal person;
;abo's;Aboriginal person's;
;abos;Aboriginal people;
;abos';Aboriginal people's;
;africoon;African person;
;africoons;African people;
;africoons';African people's;
;bean-eater;Mexican;
;beanbreath;Mexican;
;beaner;Mexican;
;burrhead;African person;
;burrheads;African people;
;burrheads';African people's;
;camelfucker;Middle Eastern person;
;camelfuckers;Middle Eastern people;
;camelfuckers';Middle Eastern people's;
;ching chong;Asian;
;ching chong's;Asian person's;
;ching chongs';Asian people's;
;chink;Asian;
;chink's;Asian person's;
;chinks';Asian people's;
;cholo;Latino;
;chola;Latina;
;chong;Asian person;
;chongs;Asian people;
;chongs';Asian people's;
;coolie;Asian person;
;coolies;Asian people;
;coolies';Asian people's;
;coon;black person;
;coon's;black person's;
;coons;black people;
;coons';black people's;
;criollo;Latinx;
;criollos;Latinx;
;criollos';Latinxs';
;dago;Italian;
;dago's;Italian's;
;dagos;Italians;
;dagos';Italians';
;darkie;black person;
;darkies;black people;
;darkies';black people's;
;darky;black person;
;darkies;black people;
;darkies';black people's;
;eskimo;Inuit;
;golliwog;black person;
;golliwogs;black people;
;golliwogs';black people's;
;goy;non-Jewish person;
;goy's;non Jewish person's;
;goys;non-Jewish people;
;goys';non Jewish people's;
;greaseball;Latinx;
;greaseballs;Latinx;
;greaseballs';Latinx's;
;greaser;Latinx;
;greasers;Latinx;
;greasers';Latinx's;
;gyp;Romani person;
;gyp's;Romani person's;
;gyppo;Romani person;
;gyppos;Romani people;
;gyppos';Romani people's;
;gyps;Romani people;
;gyps';Romani people's;
;gypsies;Romani people;
;gypsies';Romani people's;
;gypsy;Romani person;
;half-breed;mixed-race;
;half-breed's;mixed-race person's;
;half-breeds;mixed-race people;
;half-breeds';mixed-race people's;
;half-caste;mixed-race;
;half-caste's;mixed-race person's;
;half-castes;mixed-race people;
;half-castes';mixed-race people's;
;heeb;Jewish person;
;heeb's;Jewish person's;
;heebs;Jewish people;
;heebs';Jewish people's;
;hillbillies;uneducated people;
;hillbillies';uneducated people's;
;hillbilly;uneducated person;
;honkie;white person;
;honkies;white people;
;honkies';white people's;
;honky;white person;
;hymie;Jewish person;
;hymies;Jewish people;
;hymies';Jewish people's;
;jigaboo;black person;
;jigaboos;black people;
;jigaboos';black people's;
;jiggaboo;black person;
;jiggaboos;black people;
;jiggaboos';black people's;
;kaffir;non-Muslim;
;kafir;non-Muslim;
;kufar;non-Muslim;
;kuffar;non-Muslim;
;macaca;black person;
;macacas;black people;
;macacas';black people's;
;mammy;black woman;
;mammies;black women;
;mammies';black women's;
;massa;white man;
;massas;white men;
;massas';white men's;
;mudshark;not racist;
;mudshark's;not racist person's;
;mudsharks;not racist people;
;mudsharks';not racist people's;
;mulatto;mixed race person;
;mulattoes;mixed race people;
;mulattoes';mixed race people's;
;mulattos;mixed race people;
;mulattos';mixed race people's;
;mzungu;white person;
;mzungus;white people;
;mzungus';white people's;
;nappy headed;with afro hair;
;negra;black woman;
;negras;black women;
;negras';black women's;
;negrito;black;
;negrito's;black person's;
;negritos;black people;
;negritos';black people's;
;negro;black;
;negroes;black people;
;negroes';black people's;
;negroid;black person;
;negroids;black people;
;negroids';black people's;
;negros;black people;
;negros';black people's;
;nig nog;black person;
;nig nogs;black people;
;nig nogs';black people's;
;nigga;person;
;niggas;people;
;niggas';people's;
;nigger;person;
;niggers;people;
;niggers';people's;
;niglet;child;
;niglets;children;
;niglets';children's;
;paddies;Irish people;
;paddies';Irish people's;
;paddy;Irish person;
;paki;Pakistani person;
;paki's;Pakistani person's;
;pakis;Pakistani people;
;pakis';Pakistani people's;
;polack;Polish person;
;polacks;Polish people;
;polacks';Polish people's;
;pommies;British people;
;pommies';British people's;
;pommy;British person;
;race traitor;not racist;
;red-neck;conservative white person;
;red-necks;conservative white people;
;red-necks';conservative white people's;
;redskin;Native American;
;sambo;black person;
;sambos;black people;
;sambos';black people's;
;sheboon;black woman;
;sheboons;black women;
;sheboons';black women's;
;shiksa;non-Jewish woman;
;shiksas;non-Jewish women;
;shiksas';non-Jewish women's;
;spearchucker;black person;
;spearchuckers;black people;
;spearchuckers';black people's;
spicy;spic;Latinx;
;squaw;Native American woman;
;squaws;Native American women;
;squaws';Native American women's;
;wetback;Latinx;
;white-trash;working class;
;white trash;working class;
;whitey;white person;
;whiteys;white people;
;whiteys';white people's;
;whitie;white person;
;whities;white people;
;whities';white people's;
;wog;person of color;
;wog's;of a person of color;
;wogs;people of color;
;wogs';of people of color;
;wop;Italian;
;wop's;Italian's;
;wops;Italians;
;wops';Italians';
;yenta;Jewish woman;
;yentas;Jewish women;
;yentas';Jewish women's;
;Alabama wind chime;;
;albo;Albanian-American person;
;albo's;Albanian-American person's;
;albos;Albanian-American people;
;albos';Albanian-American people's;
;Americunt;American;
;anchor baby;child refugee;
;anchor babies;child refugees;
;antinigger;racist;
;antiniggers;racists;
;antiniggers';racists';
;blackboy;young black man;
;blackboys;young black men;
;blackboys';young black men's;
;blackfellow;black person;
;blackfellows;black people;
;blackfellows';black people's;
;bud-bud-ding-ding;Asian person;
;bud-bud-ding-dings;Asian people;
;bud-bud-ding-dings';Asian people's;
;chickenlips;white person;
;chigger;mixed race person;
;chiggers;mixed race people;
;chiggers';mixed race people's;
;Chinaboy;Asian person;
;Chinaboys;Asian people;
;Chinaboys';Asian people's;
;Chinaman;Asian person;
;Chinamen;Asian people;
;Chinaperson;Asian person;
;Chinapeople;Asian people;
;Chinawoman;Asian person;
;Chinawomen;Asian people;
;Chinee;Asian person;
;Chinees;Asian people;
;Chinees';Asian people's;
;Chinese virus;COVID-19;
;Chinese viruses;COVID-19;
;Chinkland;Asia;
;Chinkland's;Asian;
;chinky;Asian person;
;chinkies;Asian people;
;chinkies';Asian people's;
;chocolate face;black person;
;chocolate faces;black people;
;chocolate faces';black people's;
;colored person;person of color;
;colored person's;of a person of color;
;colored people;people of color;
;colored peoples;of people of color;
;coloured person;person of color;
;coloured person's;of a person of color;
;coloured people;people of color;
;coloured peoples';of people of color;
;coonass;person of color;
;coonass's;of a person of color;
;coonasses;people of color;
;coonasses';of people of color;
;cracker-ass;white person;
;cracker-asses;white people;
;crackerass;white person;
;crackerasses;white people;
;crackerasses';white people's;
;cumskin;white person;
;cumskins;white people;
;cumskins';white people's;
;deniggerization;;
;deniggerize;;
;dindu nuffin;;
;dune coon;Middle Eastern person;
;dune coons;Middle Eastern people;
;dune coons';Middle Eastern people's;
;durka durka;Middle Eastern person;
;durka durkas;Middle Eastern people;
;Fakestine;Palestine;
;Fakestinian;Palestinian;
;farm nigger;;
;farm niggers;;
;farm niggers';;
;frogeater;French person;
;frogeaters;French people;
;frogeaters';French people's;
;ginzo;Italian person;
;ginzos;Italian people;
;ginzos';Italian people's;
;gippo;Romani person;
;gippos;Romani people;
;gippos';Romani people's;
;goffal;mixed race person;
;goffals;mixed race people;
;goffals';mixed race people's;
;goffel;mixed race person;
;goffels;mixed race people;
;goffels';mixed race people's;
;gook;Southeast Asian person;
;gook's;Southeast Asian person's;
;gooks;Southeast Asian people;
;gooks';Southeast Asian people's;
;gookland;Asian country;
;gooklands;Asian countries;
;gypsy cab;illegal taxi;
;gybsy cabs;illegal taxies;
;Halfrican;mixed race;
;Halfrican's;mixed race person's;
;Halfircans;mixed race people;
;Halfricans';mixed race people's;
;honest injun;honestly;
;Hottentot;Khoekhoe;
;illegal alien;undocumented immigrant;
;illegal immigrant;undocumented immigrant;
;injun;indigenous;
;injun's;indigenous person's;
;injuns;indigenous people;
;injuns';indigenous people's;
;Israhell;Israel;
;Israhelli;Israeli person;
;Israhellis;Israeli people;
;Israhellis';Israeli people's;
;Kraut;German;
;Kraut's;German person's;
;Krauts;German people;
;Krauts';German people's;
;Krautwagon;German car;
;kuff;non Muslim person;
;kuff's;non Muslim person's;
;kuffs;non Muslim people;
;kuffs';non Muslim people's;
;Kung Flu;COVID-19;
;Lapp;Sami;
;Lapp's;Sami person's;
;Lapps;Sami people;
;Lapps';Sami people's;
;Leb;Lebanese person;
;Lebs;Lebanese people;
;Leb's;Lebanese person's;
;Lebs';Lebanese people's;
;Lebo;Lebanese person;
;Lebo's;Lebanese person's;
;Lebos;Lebanese people;
;Lebos';Lebanese people's;
;Mexcrement;Mexican;
;Mississippi wind chime;;
;mulattress;mixed-race woman;
;mulattresses;mixed-race women;
;mulattresses';mixed-race women's;
;negress;black woman;
;negresses;black women;
;negresses';black women's;
;Negro;black person;
;Negros;black people;
;Negroes;black people;
;Negros';black people's;
;Negroes';black people's;
;negrophile;not racist;
;negrophile's;not racist person's;
;negrophiles;not racist people;
;negrophiles';not racist people's;
;negrophilia;anti-racism;
;negrophilism;anti-racism;
;Nep;Nepali person;
;Nep's;Nepali person's;
;Neps;Nepali people;
;Neps';Nepali people's;
;nig;black person;
;nig's;black person's;
;nigs;black people;
;nigs';black people's;
;niggah;black person;
;niggahs;black people;
;niggahs';black people's;
;nigger in the woodpile;;
;nigger knocker;;
;nigger lover;not racist;
;nigger lover's;not racist person's;
;nigger lovers;not racist;
;nigger lovers';not racist people's;
;nigger rich;flashy;
;nigger toe;Brazil nut;
;nigger-brown;brown;
;nigger-fish;Caribbean grouper;
;nigger-rig;jerry rig;
;nigger-rigged;jerry rigged;
;niggeration;;
;niggerbabble;;
;niggerball;basketball;
;niggerbitch;;
;niggerboy;young black man;
;niggerboys;young black men;
;niggerboys';young black men's;
;niggercide;;
;niggerdick;;
;niggerdom;;
;niggerese;;
;niggeresque;;
;niggeress;black woman;
;niggeresses;black women;
;niggeresses';black women's;
;niggerette;black woman;
;niggerettes;black women;
;niggerettes';black women's;
;niggerfaggot;;
;niggerfaggots;;
;niggerfaggots';;
;niggerfied;;
;niggerfuxated;;
;niggerfuxation;;
;niggergram;;
;niggerhead;;
;niggerhood;;
;niggerish;;
;niggerishness;;
;niggerism;;
;niggerization;;
;niggerize;;
;niggerless;;
;niggerlike;;
;niggerling;;
;niggerlips;;
;niggerly;;
;niggerman;;
;niggermen;;
;niggerness;;
;niggerology;;
;niggerspeak;;
;Niggertown;;
;Niggerville;;
;niggerwhine;;
;niggery;;
;niggeryard;;
;nigguh;black person;
;nigguhs;black people;
;nigguhs';black people's;
;niggy;black person;
;niggies;black people;
;niggies';black people's;
;nigra;black person;
;nigras;black people;
;nigras';black people's;
;nog;Vietnamese person;
;nogs;Vietnamese people;
;nogs';Vietnamese people's;
;noggie;Vietnamese person;
;noggies;Vietnamese people;
;noggies';Vietnamese people's;
;paleass;white person;
;paleasses;white people;
;paleasses';white people's;
;pavement ape;black person;
;pavement apes;black people;
;pavement apes';black people's;
;pickaninny;child;
;pickaninnies;children;
;pickaninnies';children's;
;pinkskin;white person;
;pinkskins;white people;
;pinkskins';white people's;
;poopskin;;
;poopskins;;
;poopskins';;
;porch monkey;;
;porch monkeys;;
;porch monkeys';;
;pukeskin;white person;
;pukeskins;white people;
;pukeskins';white people's;
;rapefugee;;
;Red Indian;indigenous;
;Red Indian's;indigenous person's;
;Red Indians;indigenous people;
;Red Indians';indigenous people's;
;red man;indigenous;
;red man's;indigenous person's;
;red men;indigenous people;
;red men's;indigenous people's;
;redskin;indigenous;
;redskin's;indigenous person's;
;redskins;indigenous people;
;redskins';indigenous people's;
;Refugee Regatta;;
;rice-eater;Asian person;
;rice-eaters;Asian people;
;rice-eaters';Asian people's;
;sand nigger;Middle Eastern person;
;sand niggers;Middle Eastern people;
;sand niggers';Middle Eastern people's;
;schvartze;black person;
;schvartzes;black people;
;schvartzes';black people's;
;schwartza;black person;
;schwartzas;black people;
;schwartzas';black people's;
;shitskin;;
;shitskins;;
;shitskins';;
;shvartze;black person;
;shvartzes;black people;
;shvartzes';black people's;
;shvartzer;black person;
;shvartzers;black people;
;shvartzers';black people's;
;slanteye;Asian person;
;slanteyes;Asian people;
;slanteyes';Asian people's;
;slopehead;Vietnamese person;
;slopeheads;Vietnamese people;
;slopeheads';Vietnamese people's;
;Spicanese;Spanish language;
;spicish;Mexican;
;spigger;mixed race person;
;spiggers;mixed race people;
;spiggers';mixed race people's;
;Ting Tong;East Asian person;
;Ting Tongs;East Asian people;
;TNB;;
;vomitskin;white person;
;vomitskins;white people;
;vomitskins';white people's;
;whigger;white people;
;whiggers;white people's;
;whiggers';white person;
;wigger;white people;
;wiggers;white people's;
;wiggers';white person;
;wigga;white people;
;wiggas;white people's;
;wiggas';white person;
;whiteass;white person;
;whiteasses;white people;
;whiteasses';white people's;
;yard ape;;
;yellow man;Asian man;
;yellow men;Asian men;
;yellow nigger;Asian person;
;yellow niggers;Asian people;
;yellow niggers';Asian people's;
;yellow-skinned;of Asian decent;
;zigaboo;black person;
;zigaboos;black people;
;zigaboos';black people's;
;zigeuner;Romani person;
;zigeuners;Romani people;
;zigeuners';Romani people's;
;dothead;South Asian person;
;dotheads;South Asian people;
;dotheads';South Asian people's;
;curry muncher;South Asian person;
;curry munchers;South Asian people;
;bible thumper;fundamentalist Christian;
;bible thumping;fundamentalist Christian;
;fanatic;fundamentalist;
;fundie;fundamentalist;
;fundy;fundamentalist;
;goy;non Jewish;
;goy's;non Jewish person's;
;goyim;non-Jewish people;
;goyim's;non-Jewish people's;
;goys;non-Jewish people;
;goys';non-Jewish people's;
;hardline Islam;Islamic fundamentalism;
;hardline islam;Islamic fundamentalism;
;hardline islamic;fundamentalist Islam;
;hardline islamist;Islamic fundamentalist;
;hebe;Jewish person;
;hebe's;Jewish person's;
;hebes;Jewish people;
;hebes';Jewish people's;
;islamic extreme;islamic fundamentalism;
;islamic extremes;Islamic fundamentalism;
;islamic extremes';Islamic fundamentalism's;
;islamic extremist;Islamic fundamentalist;
;kike;Jewish person;
;kike's;Jewish person's;
;kikes;Jewish people;
;kikes';Jewish people's;
;moonbat;leftist liberal;
;muzzie;Muslim;
;muzzie's;Muslim person's;
;muzzies;Muslim people;
;muzzies';Muslim people's;
;papist;Catholic;
;papist's;Catholic person's;
;papists;Catholics;
;raghead;person with headdress;
;ragheads;people with headdress;
;raghead's;of person with headdress;
;ragheads';of people with headdress;
;wing-nut;very right-wing;
;wing-nut's;very right-wing person's;
;wing-nuts;right-wing people;
;wing-nuts';right-wing-people's;
;wingnut;very right-wing;
;wingnut's;very right-wing person's;
;wingnuts;right-wing people;
;wingnuts';right-wing people's;
;yid;Jewish person;
;yid's;Jewish person's;
;yids;Jewish people;
;yids';Jewish people's;
;zealot;ideological fundamentalist;
;atheitard;atheist;
;catlicker;Catholic person;
;catlikckers;Catholic people;
;catlickers';Catholic people's;
;Christ-killer;Jewish person;
;Christ-killers;Jewish people;
;Christ-killers';Jewish people's;
;Christfag;Christian person;
;Christfags;Christian people;
;Christfags';Christian people's;
;Christofascism;Christian fundamentalism;
;Christofacist;Christian fundamentalist;
;commie;leftist;
;reichtard;rightist;
;femifascism;radical feminism;
;femifascist;radical feminist;
;libertardian;rightist libertarian;
;libtardation;liberal-mindedness;
;moffie;gay person;
;moffies;gay people;
;moffies';gay people's;
;mooselimb;Muslim;
;moralfag;moral person;
;moralfags;moral people;
;moralfags';moral people's;
;Mormondumb;Mormonism;
;piss be upon him;peace be upon him;
;piss be upon her;peace be upon her;
;piss be upon them;peace be upon them;
;pisslamist;Muslim;
;Retardican;Republican;
;politard;ignorant person;
;politards;ignorant people;
;politards';ignorant people's;
;Trumptard;Trump supporter;
;carpet kisser;Muslim;
;Muslime;Muslim;
;Muslimess;Muslim woman;
;Muslimesses;Muslim women;
;Muslimesses';Muslim women's;
;Muslimette;Muslim woman;
;Muslimettes;Muslim women;
;Muslimettes';Muslim women's;
;muslimtard;Muslim;
;Mohammedan;Muslim;
;Mohammedanism;Islam;
;Mohammedism;Islam;
;mudslime;Muslim;
;Muhammadanize;convert to Islam;
;Hoaxocaust;The Holocaust;
;Holocash;The Holocaust;
;Holocaustianity;history;
;Holohoax;The Holocaust;
;Jew World Order;;
;Jewboy;Jewish man;
;Jewboys;Jewish men;
;Jewboys';Jewish men's;
;Jewfucker;;
;Jewy;Jewish person;
;Jewies;Jewish people;
;Jewies';Jewish people's;
;jewies;Jewish people;
;koranimal;;
;Islamofascism;fundamentalist Islam;
;Islamofascist;Islamic fundamentalist;
;Islamonazism;;
;Lolocaust;;
;muzrat;Muslim;
;muzzie;Muslim;
;muzzy;Muslim;
;Ramadamadingdong;;
;Ramalamadingdong;;
;Talibanistan;;
;Zio;Jewish person;
;Zios;Jewish people;
;Zios';Jewish people's;
;ZioJew;Jewish person;
;ZioJews;Jewish people;
;ZioJews';Jewish people's;
;Zionazi;Zionist;
;Zionistan;Israel;
;shylock;Jewish person;
;shylocks;Jewish people;
;shylocks';Jewish people's;
;towelhead;person with headdress;
;towelhead's;of person with headdress;
;towelheads;people with headdress;
;towelheads';of people with headdress;
;republitard;Republican;
;Republitard;Republican;
;bleeding-heart liberal;liberal-minded person;
;bleeding-heart liberals;liberal-minded people;
;bleeding-heart liberals';liberal-minded people's;
;bull-dyke;butch lesbian;
;bull dyke;butch lesbian;
;carpetmuncher;lesbian;
;deviant;queer;
;deviant's;queer's;
;deviants;queers;
;deviants';queers';
;dyke;lesbian;
;dyke's;lesbian's;
;dykes;lesbians;
;dykes';lesbians';
smoking a fag#have a fag#smoke a fag#having a fag#need a fag#fancy a fag#enjoy a fag#light a fag;fag;gay person;
;fag's;gay person's;
pack of fags#packet of fags#smoking fags#smoking some fags#having some fags#smoke some fags#run out of fag#out of fags;fags;gay people;
;fags';gay people's;
;faggot;gay man;
;faggots;gay men;
;faggots';gay men's;
;gayfag;gay man;
;gayfags;gay men;
;gayfags';gay men's;
;harlot;sex worker;
;lezza;lesbian;
;lezzer;lesbian;
;lezzy;lesbian;
;lezzies;lesbians;
;perversion;kink;
pervert the course of justice;pervert;fetishist;
;pervert's;fetishist's;
perverts the course of justice;perverts;fetishists;
;perverts';fetishists';
;poof;gay man;
;poof's;gay man's;
;poofs;gay men;
;poofs';gay men's;
;poofter;gay man;
;poofters;gay men;
;poofters';gay men's;
;prostitute;sex worker;
;queeny;queer;
;queenies;queers;
;queenies';queers';
;shemale;trans woman;
;shemales;trans women;
;shemales';trans women's;
;sicko;person with mental illness;
;sicko's;person with mental illness;
;sickos;people with mental illness;
;sickos';of the mentally ill;
;slapper;sexually active woman;
;slappers;sexually active women;
;slappers';sexually active women's;
;trannie;transgender person;
;trannies;transgender people;
;trannies';transgender people's;
;tranny;transgender person;
;twink;young gay man;
;twinks;young gay men;
;twinks';young gay men's;
;arse bandit;;
;dykery;lesbianism;
;fag marriage;marriage;
;fag marriages;marriage;
;fag rag;magazine;
;fagazine;magazine;
;faggot marriage;marriage;
;faggot marriages;marriages;
;faggotface;;
;faggotier;;
;faggotiest;;
;faggotism;;
;faggotly;;
;faggotness;gayness;
;faggoty;gay;
;faggy;gay;
;faglet;young gay man;
;faglets;young gay men;
;faglets';young gay men's;
;fagling;young gay man;
;faglings;young gay men;
;faglings';young gay men's;
;faglord;gay man;
;faglords;gay men;
;faglords';gay men's;
;fagness;gayness;
;knob jockey;gay man;
;knob jockeys;gay men;
;knob jockeys';gay men's;
;rug muncher;lesbian;
;San Fagcisco;San Francisco;
;cum dumpster;;
;dick sucking;fellatio;
;jailbait;minor;
;pimply;teenaged;
;snot nosed;inexperienced;
;coffin dodger;aged person;
;coffin dodgers;aged people;
;coffin dodgers';aged people's;
;crone;elderly woman;
;crones;elderly women;
;crones';elderly women's;
;hag;elderly woman;
;hag's;elderly woman's;
;hags;elderly women;
;hags';elderly women's;
;over-the-hill;aged person;
;over-the-hills;aged people;
;over-the-hills';aged people's;
;noob;beginner;
;noobs;beginners;
;noob's;beginner's;
;noobs';beginners';
;n00b;beginner;
;biatch;female dog;
;biatches;female dogs;
;biaatch;female dog;
;biaatches;female dogs;
;bish;female dog;
;bish's;female dog's;
;bishes;female dogs;
;bishes';female dogs';
;bitch;female dog;
;bitches;female dogs;
;bitchiness;unpleasantness;
;bitchs';female dogs';
;bitchy;unnecessarily critical;
;bollocks;testicles;
;cuck;not chauvinist;
;cum bucket;;
;cumbucket;;
;cumdumpster;;
;cumslut;;
;cunt;vulva;
;cunt's;vulva's;
;cunts;vulvas;
;cunts';vulvas';
;feminazi;feminist;
;feminazies;feminists;
;floozies;sexually active women;
;floozies';sexually Active women's;
;floozy;sexually active woman;
;frump;uninterested in fashion;
;frump's;uninterested in fashion;
;frumps;uninterested in fashion;
;frumps';uninterested in fashion;
;fuckboi;inconsiderate man;
;fuckbois;inconsiderate men;
;fuckbois';inconsiderate men's;
;fuckboy;inconsiderate man;
;fuckboys;inconsiderate men;
;fuckboys';inconsiderate men's;
;fugly;not traditionally beautiful;
;golddigger;opportunist;
;golddigger's;opportunist's;
;goldiggers;opportunists;
;goldiggers';opportunists';
;hoe;sexually active woman;
;hoe's;sexually active woman's;
;hoebag;sexually active woman;
;hoebags;sexually active women;
;hoebags';sexually active women's;
;hoes;sexually active women;
;hoes';sexually active women's;
;hooker;sex worker;
;hussy;sexually active woman;
;hussies;sexually active women;
;hussies';sexually active women's;
;mannish;androgynous;
;man whore;sex worker;
;minge;vulva;
;minger;;
;mingers;;
;mingers';;
;nympho;highly sexually active;
;nymphos;highly sexually active;
;nympho's;highly sexually active;
;nymphos';highly sexually active;
;porny;highly sexual;
;pretty-boy;androgynous;
;pretty-boys;adrogynoys people;
;pretty-boys';androgynous people's;
;prude;conservative;
;pussy;sensitive;
;pussies;sensitive people;
;pussies';sensitive people's;
;simp;considerate;
;simp's;considerate person's;
;simps;considerate people;
;simps';considerate people's;
;sissies;sensitive people;
;sissies';sensitive people's;
;sissy;sensitive person;
;skank;;
;skank-ass;;
;skanks;;
;skanky;unkempt;
;slut;sexually active woman;
;slut's;sexually active woman's;
;slutbag;sexually active woman;
;slutbags;sexually active women;
;slutbags';sexually active women's;
;sluts;sexually active women;
;sluts';sexually active women's;
;slutty;sexually active;
;tarty;sexually active;
;thot;sexually active woman;
;thot's;sexually active woman's;
;thots;sexually active women;
;thots';sexually active women's;
;trampy;sexually active woman;
;whore;sex worker;
;whorish;;
;whory;;
;twat;vulva;
;twat's;vulva's;
;twats;vulvas;
;twats';vulvas';
;cock in a frock;transgender person;
;trannyism;transgender;
;trans-testicle;transgender;
;trans-sexual;transgender;
;trans-sexuals;transgender people;
;transsexual;transgender;
;transsexuals;transgender people;
;bit of skirt;woman;
;he-bitch;transgender;
;he-she;transgender;
;she-he;transgender;
;loner;self-sufficient;
;berk;silly;
;berk's;silly person's;
;berks;silly people;
;berks';silly people's;
;bogan;uncouth;
;bogan's;uncouth person's;
;bogans;uncouth people;
;bogans';uncouth people's;
;chav;working class youth;
;chav's;working class youth's;
;chavs;working class youths;
;chavs';working class youths';
;chavvy;working class;
;deadbeat;passive;
;deadbeat's;passive person's;
;deadbeats;passive people;
;deadbeats';passive people's;
;dim-wit;silly;
;dim-wits;sillies;
;dim-wits';sillies';
;dimwit;silly;
;dimwits;sillies;
;dimwits';sillies';
;dim-witted;silly;
;dimwitted;silly;
;dirtbag;ill-mannered;
;dirtbags;ill-mannered people;
;dirtbag's;ill-mannered person's;
;dirtbags';ill-mannered people's;
;dullard;silly;
;dullard's;silly person's;
;dullards;silly people;
;dullards';silly people's;
;freeloader;passive;
;freeloader's;passive person's;
;freeloaders;passive people;
;freeloaders';passive people's;
;freeloading;passive;
;hick;uneducated;
;hick's;uneducated person's;
;hicks;uneducated people;
;hicks';uneducated people's;
;layabout;passive;
;layabout's;passive person's;
;layabouts;passive people;
;layabouts';passive people's;
;lout;ill-mannered;
;lout's;ill-mannered person's;
;louts;ill-mannered people;
;louts';ill-mannered people's;
;lowlife;disreputable;
;lowlife's;disreputable person's;
;lowlifes;disreputable people;
;lowlifes';disreputable people's;
;mooch;be passive;
;moocher;passive;
;moocher's;passive person's;
;moochers;passive people;
;moochers';passive people's;
;mooching;being passive;
;oik;uncouth;
;oik's;uncouth person;
;oiks;uncouth people;
;oiks';uncouth people's;
;peckerwood;uneducated;
;peckerwood's;uneducated person's;
;peckerwoods;uneducated people;
;peckerwoods';uneducated people's;
;piggish;unpleasant;
;pikey;traveller;
;pleb;working-class;
;pleb's;working-class person's;
;plebs;working class people;
;plebs';working class people's;
;prole;working-class;
;prole's;working-class person's;
;proles;working class people;
;proles';working class people's;
;scrounger;of limited means;
;scrounger's;of limited means;
;scroungers;of limited means;
;scroungers';of limited means;
;simple-minded;silly;
;skive;passive;
;skiver;passive person;
;skivers;passive people;
;skivers';passive people's;
;slacker;passive;
;slacker's;passive person's;
;slackers;passive people;
;slackers';passive people's;
;slob;passive;
;slob's;passive person's;
;slobby;passive;
;slobs;passive people;
;slobs';passive people's;
;slothful;passive;
;slow-witted;silly;
;sponger;of limited means;
;sponger's;of limited means;
;spongers;of limited means;
;spongers';of limited means;
;wastrel;passive;
;wastrel's;passive person's;
;wastrels;passive people;
;wastrels';passive people's;
;witless;silly;
;yob;uncultured;
;yob's;uncultured person's;
;yobbish;uncultured;
;yobbo;uncultured;
;yobbo's;uncultured person's;
;yobbos;uncultured people;
;yobbos';uncultured people's;
;yobs;uncultured people;
;yobs';uncultured people's;
;trailer trash;of limited means;
;welfare queen;of limited means;
;welfare queens;of limited means;
;welfare queen's;of limited means;
;welfare queens';of limited means;
;plebby;working class;
;scum;;
;junkie;person with addiction;
;gold digger;opportunist;
;bum;;
;low-life;;
;low life;;
;favela monkey;;
;white trash;;
;arse;;
;arse's;;
;arses;;
;arses';;
;arse licker;;
;arse licking;;
;arsekissing;;
;arse kissing;;
;arse kisser;;
;arseface;;
;arsehole;;
;ass;;
;ass's;;
;asses;;
;asses';;
;assclown;;
;assface;;
;asshole;;
;asskissing;;
;ass kissing;;
;ass kisser;;
;ballface;;
;barmy;;
;bastard;;
;bat shit crazy;;
;bellend;glans penis;
;brainless;;
;brotherfucker;;
;brotherfucking;;
;buttface;;
;buttmunch;;
;buttmuncher;;
;buttmuncher's;;
;buttmunchers;;
;buttmunchers';;
;buttmunching;;
;cockface;;
;cocksucker;;
;cocksucking;;
;cock sucking;;
;cousinfucker;;
;cousinfucking;;
;crappy;;
Daft Punk;daft;;
;dafts;;
;daft's;;
;dafts';;
;daft as a bush;;
;dead from the neck up;;
;deadshit;;
;dead shit;;
;dickass;;
;dick ass;;
;dickarse;;
;dickface;;
;dickhead;;
;dick head;;
;dipshit;;
;dip shit;;
;dumb;;
;dumbass;;
;dumbfuck;;
;dumbfucking;;
;flying piece of shit;;
;fuck;;
;fucks;;
;fuck's;;
;fucks';;
;fuuck;;
;fuuuck;;
;fuuuuck;;
;fucker;;
;fucka;;
;fuckah;;
;fuckface;;
;fuck face;;
;fuucking;;
;fuuucking;;
;fuuuucking;;
;fucktard;;
;git;;
;git's;;
;gits;;
;gits';;
;gobdaw;;
;idiot;;
;imbecill;;
;jerk;;
;jerk's;;
;jerks;;
;jerks';;
;jerkwad;;
;knob;;
;knob's;;
;knobs;;
;knobs';;
;knobhead;;
;knob head;;
;lazy sod;;
Biggest Loser;loser;;
;looser;;
;maggot;;
;mingeback;;
;minge back;;
;moron;;
;motherfucker;;
;mother fucker;;
;motherfucking;;
;mother fucking;;
;nutter;;
;piece of crap;;
;pieces of crap;;
;piece of shit;;
;pieces of shit;;
;pillock;;
;prat;;
;prat's;;
;prats;;
;prats';;
;prick;;
;shitface;;
;shit face;;
;shithead;;
;shit head;;
;skiver;passive;
;sod;;
;sod's;;
;sods;;
;sods';;
;son of a bitch;puppy;
;sons of bitches;puppies;
;sonovabitch;puppy;
;stupid;silly;
;sucker;gullible person;
;suckers;gullible people;
;tosser;;
twitter#Twitter;twit;silly;
;twit's;silly's;
;twits;sillies;
;twits';sillies';
;wanker;;
;wanking;;
;asswad;;
;fuck y'all;;
;fuck you;;
;fucktardedly;;
;fucktardedness;;
;tosspot;;
;turdlicker;;
;turd licker;;
;turdlicking;;
;walking mattress;;
;wankstain;;
;wank stain;;
;wench;;
;whore around;;
;whorefucker;;
;whore fucker;;
;whorefucking;;
;sluthead;;
;slut head;;
;sluthood;;
;slutness;;
;spacker;;
;scrap;;
;scummer;;
;sheeny;;
;sheepfucker;;
;sheepfucking;;
;shitmuncher;;
;shitmunching;;
;shitneck;;
;sisterfucker;;
;sisterfucking;;
;skullfucking;;
;skullfucker;;
;sky daddy;;
;street shitter;;
;streetshitting;;
;street shitting;;
;sweet cheeks;;
;mousefucker;;
;mouthfucker;;
;mousefucking;;
;mouthfucking;;
;mudda fucka;;
;muddafucka;;
;muddafucking;;
;pigass;;
;plyg;;
;promdi;;
;psychobitch;;
;puss out;;
;pussyfuck;;
;rabbitfuck;;
;handfuck;;
;horsefuck;;
;kidfuck;;
;ratfuck;;
;pussylick;;
;gaytard;;
;goatfuck;;
;gobshite;;
;KYS;;
;dogfuck;;
;doggess;;
;donkeyfuck;;
;duckfuck;;
;fatherfucker;;
;fatherfuck;;
;daughterfucker;;
;daughterfuck;;
;dickbag;;
;Dickboy;;
;dicksplat;;
;arsebreath;;
;arsebreathing;;
;asspie;;
;back-asswards;;
;beshit;;
;birdfuck;;
;boyfucker;;
;boyfuck;;
;bugfuck;;
;bulldagger;;
;camwhore;;
;celebutard;celebrity;
;child-fucker;;
;childfucker;;
;childfuck;;
;cockknock;;
;cockfag;;
;cockfucker;;
;corpsefuck;;
;cowfuck;;
;crip;;
;cum receptacle;;
;cuntful;;
;Cuntingham;;
;cuntlet;;
;cuntwhore;;
;cock-knock;;
;asshat;;
;degenerate;;
;buffoon;silly;
;evolutionary deadend;;
;inbred;;
;ass-munch;;
;fuckbadger;;
;fuckweasel;;
;assburger;on the autism spectrum;
;assburger's;on the autism spectrum;
;assburgers;on the autism spectrum;
;assburgers';on the autism spectrum;
;autie;on the autism spectrum;
;autie's;on the autism spectrum;
;auties;on the autism spectrum;
;auties';on the autism spectrum;
;aspie;on the autism spectrum;
;aspie's;on the autism spectrum;
;aspies;on the autism spectrum;
;aspies';on the autism spectrum;
;autist;on the autism spectrum;
;autist's;on the autism spectrum;
;autists;on the autism spectrum;
;autists';on the autism spectrum;
;autistic;on the autism spectrum;
;autistic's;on the autism spectrum;
;autistics;on the autism spectrum;
;autistics';on the autism spectrum;
;cretin;intellectually disabled person;
;cretin's;of the intellectually disabled;
;cretins;intellectually disabled people;
;cretins';of the intellectually disabled;
;cripple;person with a disability;
;cripple's;person's with a disability;
;cripples;people with disabilities;
;cripples';people's with disabilities;
;crippled;with a disability;
;derp;intellectually disabled person;
;derp's;of the intellectually disabled;
;derps;intellectually disabled people;
;derps';of the intellectually disabled;
;gork;person in vegetative state;
;gork's;person's in vegetative state;
;gorks;people in vegetative state;
;gorks';people's in vegetative state;
;maniac;person with mental illness;
;maniac's;person's with mental illness;
;maniacs;people with mental illness;
;maniacs';people's with mental illness;
;midget;person of short stature;
;midget's;of short statured;
;midgets;people of short stature;
;midgets';of the short statured;
;mogolism;Down syndrome;
;mongoloid;person with Down syndrome;
;mongoloid's;person's with Down syndrome;
;mongoloids;people with Down syndrome;
;mongoloids';people's with Down syndrome;
;psycho;person with mental illness;
;psycho's;person's with mental illness;
;psychos;people with mental illness;
;psychos';people's with mental illness;
;retard;intellectually disabled person;
;retards;intellectually disabled people;
;retards';of the intellectually disabled;
;retarded;intellectually disabled;
;schizo;person with schizophrenia;
;schizos;people with schizophrenia;
;spaz;person with mental illness;
;spaz's;person's with mental illness;
;spazzes;people with mental illness;
;spazzes';people's with mental illness;
;tard;intellectually disabled person;
;tard's;of the intellectually disabled;
;tards;intellectually disabled people;
;tards';of the intellectually disabled;
;demented;has dementia;
;senile;has dementia;
;loony;person with mental illness;
;loony's;person's with mental illness;
;loonies;people with mental illness;
;loonies';people's with mental illness;
;loony bin;person with mental illness;
;lunatic;person with mental illness;
;lunatic's;person's with mental illness;
;lunatics;people with mental illness;
;lunatics';people's with mental illness;
;mentally retarded;intellectually disabled;
;wheelchair bound;wheelchair user;
;birth defect;congenital disability;
;albino;person with albinism;
;albino's;person's with albinism;
;albinos;people with albinism;
;albinos';people's with albinism;
;wacko;person with mental illness;
;wacko's;person's with mental illness;
;wackos;people with mental illness;
;wackos';people's with mental illness;
;nuts;mental illness;
;insane;mental illness;
;anally inflicted death sentence;AIDS;
;basket case;person with mental illness;
;basket case's;person's with mental illness;
;basket cases;people with mental illness;
;basket cases';people's with mental illness;
;deaf and dumb;deaf person;
;deaf and dumbs;deaf people;
;deaf and dumbs';deaf people's;
;deaf-mute;deaf person;
;deaf-mutes;deaf people;
;deaf-mutes';deaf people's;
;lunatic asylum;psychiatric hospital;
;nuthouse;psychiatric hospital;
;schizophrenic;person with schizophrenia;
;schizy;person with schizophrenia;
;spazzer;intellectually disabled person;
;spazzer's;of the intellectually disabled;
;spazzers;intellectually disabled people;
;spazzers';of the intellectually disabled;
;sperg;on the autism spectrum;
;sperg's;on the autism spectrum;
;spergs;on the autism spectrum;
;spergs';on the autism spectrum;
;sperglord;on the autism spectrum;
;sperglord's;on the autism spectrum;
;sperglords;on the autism spectrum;
;sperglords';on the autism spectrum;
;spergy;on the autism spectrum;
;spergy's;on the autism spectrum;
;spergys;on the autism spectrum;
;spergies;on the autism spectrum;
;spergys';on the autism spectrum;
;spergies';on the autism spectrum;
;tard;intellectually disabled person;
;tard's;of the intellectually disabled;
;tards;intellectually disabled people;
;tards';of the intellectually disabled;
;tard guard;intellectually disabled person;
;tard guard's;of the intellectually disabled;
;tard guards;intellectually disabled people;
;tard guards';of the intellectually disabled;
;tardbrain;intellectually disabled person;
;tardbrain's;of the intellectually disabled;
;tardbrains;intellectually disabled people;
;tardbrains';of the intellectually disabled;
;tardface;intellectually disabled person;
;tardface's;of the intellectually disabled;
;tardfaces;intellectually disabled people;
;tardfaces';of the intellectually disabled;
;tardlet;intellectually disabled person;
;tardlet's;of the intellectually disabled;
;tardlets;intellectually disabled people;
;tardlets';of the intellectually disabled;
;window licker;intellectually disabled person;
;window licker's;of the intellectually disabled;
;window lickers;intellectually disabled people;
;window lickers';of the intellectually disabled;
;flipper baby;thalidomide baby;
;flipper baby's;thalidomide baby's;
;flipper babies;thalidomide babies;
;flipper babies';thalidomide babies';
;batty;person with mental illness;
;batty's;person's with mental illness;
;batties;people with mental illness;
;batties';people's with mental illness;
;deformed;;
;blow me;;
;eat shit;;
;fuck you;;
;fuck them;;
;fuck off;;
;go kill yourself;;
;go kill himself;;
;go kill herself;;
;go kill themselves;;
;go to hell;;
;goes to hell;;
;burn in hell;;
;burns in hell;;
;rot in hell;;
;rots in hell;;
;hate you;disagree with you;
;hate him;disagree with him;
;hate her;disagree with her;
;hate them;disagree with them;
;hope you die;;
;hope he dies;;
;hope she dies;;
;hope they die;;
;kill yourself;;
;piss off;;
;shoot yourself;;
;sod off;;
;you are shit;;
;you're shit;;
;he is shit;;
;he's shit;;
;she is shit;;
;she's shit;;
;sorry for your parents;;
;they are shit;;
;they're shit;;
;wish you were never born;;
;wish he was never born;;
;wish she was never born;;
;wish they were never born;;
;you are crap;;
;you're crap;;
;he is crap;;
;she is crap;;
;he's crap;;
;she's crap;;
;they're crap;;
;they are crap;;
;bite me;;
;get fucked;;
;got fucked;;
;get screwed;;
;got screwed;;
;go fuck yourself;;
;go fuck himself;;
;go fuck herself;;
;go fuck themselves;;
;go screw yourself;;
;suck my cock;;
;sucked my cock;;
;sucks my cock;;
;suck my dick;;
;sucked my dick;;
;sucks my dick;;
;nasty;unpleasant;
;shitfaced;drunk;
;damn you;;
;be damned;;
;damn him;;
;damn her;;
;damn them;;
;I hope you get murdered;;
;should be murdered;;
;I hope he gets murdered;;
;I hope she gets murdered;;
;I hope they get murdered;;
;should be shot;;
;I would like to shoot you;;
;I'd like to shoot you;;
;you big fat;;
;fucking pig;;
;fucking pigs;;
;you pig;;
;you are a pig;;
;you're a pig;;
;you pigs;;
;such a pig;;
;such pigs;;
;fucking giraffe;;
;you are a giraffe;;
;fucking giraffes;;
;you're a giraffe;;
;such a giraffe;;
;such giraffes;;
;you are a pansy;;
;you're a pansy;;
;fucking pansy;;
;fucking pansies;;
;such a pansy;;
;such pansies;;
;should be hanged;;
;should be lynched;;
;should be mobbed;;
;should be mugged;;
;should be raped;;
;should be robbed;;
;should be strung up;;
;should be hung;;
;should be knocked off;;
;should be bumped off;;
;should be slayed;;
;should be sexually assaulted;;
;should be assaulted;;
;should be date-raped;;
;should be gang-raped;;
;should be dateraped;;
;should be date raped;;
;should be gang raped;;
;should be gangraped;;
;should be gang banged;;
;should be gang-banged;;
;should be gangbanged;;
;should jump off a bridge;;
;should jump under;;
;should be drowned;;
;should be burned;;
;should be executed;;
;you should not exist;;
;you shouldn't exist;;
;he should not exist;;
;he shouldn't exist;;
;she should not exist;;
;she shouldn't exist;;
;they should not exist;;
;they shouldn't exist;;
;you should die;;
;he should die;;
;she should die;;
;they should die;;
;lock you up to die;;
;lock him up to die;;
;lock her up to die;;
;lock them up to die;;
;shut up;I need peace and quiet;
;shut the fuck up;I need peace and quiet;
;shut the f up;I need peace and quiet;
;fucking;;
;fuckin;;
;fuckin';;
;effing;;
;shut you up;;
;shut him up;;
;shut her up;;
;shut them up;;
;kill you for fun;;
;kill him for fun;;
;kill her for fun;;
;kill them for fun;;
;you are worthless;you matter;
;you're worthless;you matter;
;he is worthless;he matters;
;he's worthless;he matters;
;she is worthless;she matters;
;she's worthless;she matters;
;they are worthless;they matter;
;they're worthless;they matter;
;you are talentless;everyone has talents;
;you're talentless;everyone has talents;
;he is talentless;everyone has talents;
;he's talentless;everyone has talents;
;she is talentless;everyone has talents;
;she's talentless;everyone has talents;
;they are talentless;everyone has talents;
;they're talentless;everyone has talents;
;you are worth nothing;you matter;
;you're worth nothing;you matter;
;he is worth nothing;he matters;
;he's worth nothing;he matters;
;she is worth nothing;she matters;
;she's worth nothing;she matters;
;they are worth nothing;they matter;
;they're worth nothing;they matter;
;nobody's going to miss you;;
;nobody is going to miss you;;
;no one's going to miss you;;
;no one is going to miss you;;
;nobody will miss you;;
;no one will miss you;;
;no one'll miss you;;
;nobody's going to miss him;;
;nobody is going to miss him;;
;no one's going to miss him;;
;no one is going to miss him;;
;nobody will miss him;;
;no one will miss him;;
;no one'll miss him;;
;nobody's going to miss her;;
;nobody is going to miss her;;
;no one's going to miss her;;
;no one is going to miss her;;
;nobody will miss her;;
;no one will miss her;;
;no one'll miss her;;
;nobody's going to miss them;;
;nobody is going to miss them;;
;no one's going to miss them;;
;no one is going to miss them;;
;nobody will miss them;;
;no one will miss them;;
;no one'll miss them;;
;you are awful;;
;you're awful;;
;he is awful;;
;he's awful;;
;she is awful;;
;she's awful;;
;they are awful;;
;they're awful;;
;you are weak;;
;you're weak;;
;he is weak;;
;he's weak;;
;she is weak;;
;she's weak;;
;they are weak;;
;they're weak;;
;you are sick;;
;you're sick;;
;he is sick;;
;he's sick;;
;she is sick;;
;she's sick;;
;they are sick;;
;they're sick;;
;you are the worst;;
;you're the worst;;
;he is the worst;;
;he's the worst;;
;she is the worst;;
;she's the worst;;
;they are the worst;;
;they're the worst;;
;wish you die;;
;wish he dies;;
;wish she dies;;
;wish they die;;
;your are a pile of shit;;
;your're a pile of shit;;
;he's a pile of shit;;
;he is a pile of shit;;
;she's a pile of shit;;
;she is a pile of shit;;
;cocksucking;;
;cocksucker;;
;such a dick;;
;want to kill you;;
;want to kill him;;
;want to kill her;;
;want to kill them;;
;you are disgusting;;
;you're disgusting;;
;he's disgusting;;
;he is disgusting;;
;she's disgusting;;
;she is disgusting;;
;they are disgusting;;
;they're disgusting;;
;mongrel;;
;cum dumpster;;
;cum dumpsters;;
;cum dumpster's;;
;cum dumpsters';;
;douche;;
;douchiest;;
;douchier;;
;douchebag;;
;cock;rooster;
;cocks;roosters;
;cock's;rooster's;
;cocks';roosters';
;homo;gay person;
;homo's;gay person's;
;homos;gay people;
;homos';gay people's;
;lesbo;lesbian;
;guido;Italian American;
;Jap;Japanese;
;Japs;the Japanese;
;Jap's;of a Japanese person;
;Japs';of the Japanese people;
;ballsack;scrotum;
;ball sack;scrotum;
;cock-licking;;
;cock licking;;
;cock-sucking;;
;I'll shoot you;;
;will shoot you;;
;oughta be shot;;
;should get raped;;
;should get killed;;
;I'll shoot them;;
;shoot all;;
;you are a dick;;
;you're a dick;;
;is a dick;;
;he's a dick;;
;she's a dick;;
;are dicks;;
;they're dicks;;
;are pathetic;;
;you're pathetic;;
;is pathetic;;
;he's pathetic;;
;she's pathetic;;
;they're pathetic;;
;are meaningless;;
;you're meaningless;;
;he is meaningless;;
;she is meaningless;;
;he's meaningless;;
;she's meaningless;;
;they are meaningless;;
;they're meaningless;;
;fat whale;;
;pile of shit;;
;horse-faced;long-faced;
;assmunch;;
;asswipe;;
;should get raped;;
;gangraped;;
